CHROM	START	VARTYPE	FILTER	DP	MQ	TLOD	NLOD	GT1	GT2	AF1	AF2	AD1	AD2	DP1	DP2
chr1	136787	snp	None	156	24.06999969482422	20.399999618530273	34.79999923706055	0	1	0.024	0.139	40,1	31,5	41	36
chr1	181521	snp	base_quality;t_lod	275	35.880001068115234	4.619999885559082	42.5	0	1	0.023	0.056	126,3	136,8	129	144
chr1	183180	snp	mapping_quality;no_reliable_supporting_read	319	16.40999984741211	59.779998779296875	73.75	0	1	0.0	0.188	115,0	108,25	115	133
chr1	183198	snp	mapping_quality;no_reliable_supporting_read	353	17.530000686645508	48.880001068115234	77.80000305175781	0	1	0.0	0.195	130,0	128,31	130	159
chr1	274895	snp	alt_allele_in_normal;mapping_quality;t_lod	293	6.039999961853027	4.679999828338623	6.699999809265137	0	1	0.226	0.395	72,21	78,51	93	129
chr1	472581	snp	mapping_quality;t_lod	160	3.299999952316284	4.449999809265137	22.389999389648438	0	1	0.063	0.417	37,5	21,15	42	36
chr1	608127	snp	mapping_quality;t_lod	122	5.480000019073486	3.299999952316284	24.09000015258789	0	1	0.136	0.457	57,9	19,16	66	35
chr1	636705	snp	mapping_quality	52	5.940000057220459	22.5	10.0	0	1	0.0	1.0	13,0	0,8	13	8
chr1	669926	snp	mapping_quality	66	18.670000076293945	24.93000030517578	6.769999980926514	0	1	0.091	0.318	20,2	15,7	22	22
chr1	761264	snp	mapping_quality	132	7.28000020980835	160.25999450683594	974.77001953125	0	1	0.0	0.729	58,0	16,43	58	59
chr2	25455	snp	None	165	42.040000915527344	85.83999633789062	93.62000274658203	0	1	0.0	0.259	84,0	60,21	84	81
chr2	46339	snp	base_quality	205	41.90999984741211	31.81999969482422	43.439998626708984	0	1	0.019	0.09	104,1	91,9	105	100
chr2	49030	snp	None	127	40.900001525878906	186.4499969482422	974.77001953125	0	1	0.015	0.678	67,1	19,40	68	59
chr2	87117	snp	None	158	43.220001220703125	86.8499984741211	94.18000030517578	0	1	0.0	0.28	76,0	59,23	76	82
chr2	95491	snp	None	141	46.36000061035156	185.52000427246094	974.77001953125	0	1	0.0	0.72	55,0	23,59	55	82
chr2	133637	snp	None	155	40.029998779296875	114.38999938964844	124.9800033569336	0	1	0.0	0.368	86,0	43,25	86	68
chr2	153354	snp	None	151	41.720001220703125	198.99000549316406	974.77001953125	0	1	0.013	0.63	77,1	27,46	78	73
chr2	158228	snp	None	40	46.34000015258789	28.739999771118164	5.260000228881836	0	1	0.0	0.417	15,0	14,10	15	24
chr2	162918	snp	None	150	42.709999084472656	102.29000091552734	106.12999725341797	0	1	0.0	0.355	73,0	49,27	73	76
chr2	179116	snp	base_quality	127	37.13999938964844	26.889999389648438	38.59000015258789	0	1	0.014	0.098	70,1	46,5	71	51
chr2	191367	snp	base_quality;t_lod	186	41.5	7.670000076293945	45.33000183105469	0	1	0.01	0.124	96,1	78,11	97	89
chr3	25110	snp	None	112	36.84000015258789	241.50999450683594	974.77001953125	0	1	0.0	1.0	69,0	0,43	69	43
chr3	40184	snp	None	128	38.2400016784668	260.5	974.77001953125	0	1	0.0	1.0	75,0	0,52	75	52
chr3	198108	snp	base_quality;t_lod	125	36.790000915527344	9.65999984741211	45.04999923706055	0	1	0.0	0.149	78,0	40,7	78	47
chr3	198158	snp	base_quality;t_lod	123	37.47999954223633	13.4399995803833	40.529998779296875	0	1	0.0	0.104	75,0	43,5	75	48
chr3	327673	snp	None	131	40.61000061035156	248.0	974.77001953125	0	1	0.0	1.0	71,0	0,60	71	60
chr3	433176	snp	None	121	36.18000030517578	265.5899963378906	974.77001953125	0	1	0.0	1.0	77,0	0,44	77	44
chr3	461962	snp	None	123	40.47999954223633	235.02999877929688	974.77001953125	0	1	0.0	1.0	67,0	0,56	67	56
chr3	463415	snp	None	131	36.31999969482422	282.75	974.77001953125	0	1	0.0	1.0	83,0	0,48	83	48
chr3	475444	snp	base_quality;t_lod	149	39.150001525878906	3.8399999141693115	41.93000030517578	0	1	0.012	0.095	84,1	57,6	85	63
chr3	475544	indel	alt_allele_in_normal;t_lod	123	39.54999923706055	17.09000015258789	-8.130000114440918	0	1	0.127	0.841	30,16	7,37	46	44
chr4	27352	snp	None	300	16.809999465942383	23.459999084472656	56.40999984741211	0	1	0.0	0.183	70,0	76,17	70	93
chr4	60170	snp	mapping_quality	473	20.139999389648438	25.59000015258789	53.08000183105469	0	1	0.0	0.111	153,0	177,22	153	199
chr4	62668	indel	filtered_reads;no_reliable_supporting_read;t_lod;too_few_supporting_reads	243	17.389999389648438	5.090000152587891	-1.7100000381469727	0	1	0.0	0.182	9,0	9,2	9	11
chr4	68667	snp	mapping_quality;no_reliable_supporting_read;t_lod	284	26.950000762939453	8.619999885559082	45.939998626708984	0	1	0.044	0.152	129,6	95,17	135	112
chr4	78713	indel	t_lod	168	41.400001525878906	13.119999885559082	38.25	0	1	0.0	0.045	81,0	64,3	81	67
chr4	107669	snp	base_quality	196	37.61000061035156	20.6200008392334	47.06999969482422	0	1	0.0	0.065	119,0	72,5	119	77
chr4	186652	snp	None	159	35.08000183105469	144.42999267578125	974.77001953125	0	1	0.0	0.444	104,0	30,24	104	54
chr4	205454	snp	base_quality;t_lod	150	37.95000076293945	9.579999923706055	42.11000061035156	0	1	0.022	0.136	88,2	51,8	90	59
chr4	215363	snp	None	125	36.400001525878906	154.85000610351562	974.77001953125	0	1	0.0	0.565	79,0	20,26	79	46
chr4	298082	indel	None	130	40.41999816894531	119.31999969482422	974.77001953125	0	1	0.0	0.441	71,0	33,26	71	59
chr5	49066	snp	None	102	40.290000915527344	202.85000610351562	974.77001953125	0	1	0.0	1.0	56,0	0,46	56	46
chr5	83204	snp	t_lod	123	37.40999984741211	14.880000114440918	22.649999618530273	0	1	0.028	0.191	70,2	38,9	72	47
chr5	148344	indel	alt_allele_in_normal;t_lod	133	42.43000030517578	4.809999942779541	-20.40999984741211	0	1	0.25	0.857	30,20	8,48	50	56
chr5	171999	snp	base_quality;t_lod	220	37.06999969482422	3.369999885559082	51.27000045776367	0	1	0.007	0.072	135,1	77,6	136	83
chr5	181680	snp	None	173	35.630001068115234	367.8699951171875	974.77001953125	0	1	0.0	1.0	112,0	0,61	112	61
chr5	181681	snp	None	172	35.72999954223633	364.8599853515625	974.77001953125	0	1	0.0	1.0	111,0	0,61	111	61
chr5	195023	snp	None	151	39.970001220703125	286.69000244140625	974.77001953125	0	1	0.0	1.0	84,0	0,67	84	67
chr5	196646	snp	t_lod;too_few_supporting_reads	59	24.690000534057617	3.930000066757202	45.470001220703125	0	1	0.0	0.111	43,0	8,1	43	9
chr5	208570	snp	base_quality;t_lod	136	39.18000030517578	3.140000104904175	43.63999938964844	0	1	0.013	0.138	77,1	50,8	78	58
chr5	271809	snp	base_quality;t_lod	181	35.68000030517578	15.550000190734863	48.119998931884766	0	1	0.017	0.125	115,2	56,8	117	64
chr6	110240	snp	alt_allele_in_normal;mapping_quality;t_lod	92	4.510000228881836	5.059999942779541	-4.510000228881836	0	1	0.227	0.783	34,10	5,18	44	23
chr6	147847	indel	multiallelic;t_lod;too_few_supporting_reads	75	33.0099983215332	9.539999961853027	30.049999237060547	0	1	0.333	0.391	17,7	14,9	24	23
chr6	149746	snp	None	160	46.720001220703125	124.33000183105469	974.77001953125	0	1	0.0	0.443	63,0	54,43	63	97
chr6	149747	snp	None	155	46.970001220703125	119.43000030517578	124.36000061035156	0	1	0.0	0.442	60,0	53,42	60	95
chr6	166496	indel	None	184	46.45000076293945	23.209999084472656	36.22999954223633	0	1	0.0	0.055	73,0	103,6	73	109
chr6	166497	snp	None	180	46.11000061035156	24.030000686645508	35.88999938964844	0	1	0.0	0.028	73,0	103,3	73	106
chr6	166500	indel	base_quality	174	45.54999923706055	26.729999542236328	35.93000030517578	0	1	0.0	0.03	73,0	98,3	73	101
chr6	184659	snp	None	227	46.95000076293945	205.86000061035156	974.77001953125	0	1	0.0	0.511	88,0	68,71	88	139
chr6	258665	indel	t_lod	240	47.630001068115234	5.309999942779541	19.010000228881836	0	1	0.092	0.32	59,19	87,41	78	128
chr6	272344	snp	None	259	45.65999984741211	116.45999908447266	113.3499984741211	0	1	0.0	0.26	109,0	111,39	109	150
chr7	44573	snp	t_lod	192	44.88999938964844	6.559999942779541	33.9900016784668	0	1	0.026	0.07	74,2	106,8	76	114
chr7	51999	snp	None	190	42.869998931884766	201.61000061035156	974.77001953125	0	1	0.0	0.531	93,0	45,51	93	96
chr7	56764	snp	base_quality;t_lod	179	47.380001068115234	16.579999923706055	32.849998474121094	0	1	0.015	0.054	66,1	105,6	67	111
chr7	84046	snp	base_quality;t_lod	204	48.2599983215332	5.989999771118164	35.06999969482422	0	1	0.014	0.076	71,1	121,10	72	131
chr7	87874	snp	base_quality;t_lod	230	43.15999984741211	7.550000190734863	50.27000045776367	0	1	0.018	0.176	109,2	98,21	111	119
chr7	174700	snp	None	258	45.439998626708984	254.92999267578125	974.77001953125	0	1	0.0	0.527	110,0	70,78	110	148
chr7	180027	snp	None	243	44.650001525878906	239.16000366210938	974.77001953125	0	1	0.0	0.519	108,0	64,69	108	133
chr7	180109	snp	None	237	45.119998931884766	199.17999267578125	974.77001953125	0	1	0.0	0.463	103,0	72,62	103	134
chr7	182411	snp	base_quality;t_lod	208	41.5	4.389999866485596	24.790000915527344	0	1	0.019	0.124	101,4	85,12	105	97
chr7	182420	snp	base_quality	192	40.7400016784668	42.56999969482422	60.43000030517578	0	1	0.03	0.122	97,2	79,11	99	90
chr8	76054	snp	mapping_quality;t_lod	44	11.949999809265137	5.989999771118164	-19.229999542236328	0	1	0.2	0.846	8,2	2,11	10	13
chr8	148077	snp	mapping_quality;t_lod	50	20.920000076293945	5.679999828338623	-0.49000000953674316	0	1	0.08	0.312	23,2	11,5	25	16
chr8	165786	snp	mapping_quality	99	6.420000076293945	143.36000061035156	974.77001953125	0	1	0.0	1.0	42,0	0,53	42	53
chr8	188170	indel	mapping_quality;no_reliable_supporting_read;t_lod	153	6.829999923706055	4.050000190734863	30.510000228881836	0	1	0.0	0.075	28,0	37,3	28	40
chr8	223348	snp	base_quality;t_lod	163	44.34000015258789	6.190000057220459	37.650001525878906	0	1	0.0	0.034	74,0	86,3	74	89
chr8	232418	snp	None	230	40.709999084472656	208.6999969482422	974.77001953125	0	1	0.0	0.475	108,0	64,58	108	122
chr8	256404	snp	None	201	42.11000061035156	207.77999877929688	974.77001953125	0	1	0.0	0.515	102,0	47,50	102	97
chr8	280993	snp	None	176	44.77000045776367	154.2100067138672	974.77001953125	0	1	0.0	0.459	78,0	53,45	78	98
chr8	293343	snp	None	157	39.84000015258789	242.25	974.77001953125	0	1	0.0	0.703	80,0	22,52	80	74
chr8	302866	snp	None	163	31.489999771118164	215.22000122070312	974.77001953125	0	1	0.0	0.618	85,0	29,47	85	76
chr9	15126	snp	mapping_quality;no_reliable_supporting_read;t_lod	238	22.209999084472656	16.739999771118164	27.229999542236328	0	1	0.047	0.154	81,4	44,8	85	52
chr9	15156	snp	mapping_quality;no_reliable_supporting_read;t_lod	212	22.280000686645508	6.539999961853027	24.110000610351562	0	1	0.054	0.146	70,4	41,7	74	48
chr9	59850	snp	mapping_quality;no_reliable_supporting_read;t_lod	175	13.300000190734863	9.40999984741211	30.709999084472656	0	1	0.119	0.192	89,12	42,10	101	52
chr9	60737	snp	mapping_quality;t_lod	157	28.200000762939453	8.430000305175781	17.31999969482422	0	1	0.059	0.232	80,5	43,13	85	56
chr9	76851	snp	None	118	23.40999984741211	134.5500030517578	974.77001953125	0	1	0.0	0.871	38,0	4,27	38	31
chr9	113406	snp	base_quality;t_lod	164	37.95000076293945	14.1899995803833	45.06999969482422	0	1	0.0	0.119	97,0	59,8	97	67
chr9	115555	snp	base_quality;t_lod	70	30.93000030517578	13.569999694824219	43.81999969482422	0	1	0.045	0.24	42,2	19,6	44	25
chr9	119435	indel	alt_allele_in_normal;artifact_in_normal;t_lod	131	33.040000915527344	4.71999979019165	-20.479999542236328	0	1	0.165	0.775	28,21	9,31	49	40
chr9	216537	indel	alt_allele_in_normal;base_quality	143	37.09000015258789	33.77000045776367	26.65999984741211	0	1	0.114	1.0	38,27	0,36	65	36
chr9	304102	snp	None	157	39.20000076293945	303.3399963378906	974.77001953125	0	1	0.0	1.0	90,0	0,67	90	67
chr10	10777	indel	base_quality	32	23.75	25.450000762939453	13.8100004196167	0	1	0.0	0.333	17,0	8,4	17	12
chr10	12910	snp	alt_allele_in_normal;mapping_quality;t_lod	118	9.239999771118164	9.470000267028809	-15.710000038146973	0	1	0.229	0.649	37,11	13,24	48	37
chr10	13966	snp	mapping_quality;t_lod	73	8.479999542236328	5.159999847412109	-12.710000038146973	0	1	0.158	0.727	16,3	3,8	19	11
chr10	22774	indel	mapping_quality	45	8.079999923706055	44.59000015258789	30.530000686645508	0	1	0.0	1.0	20,0	0,4	20	4
chr10	28436	snp	mapping_quality	171	9.289999961853027	89.1500015258789	974.77001953125	0	1	0.0	0.485	88,0	34,32	88	66
chr10	48639	snp	mapping_quality;no_reliable_supporting_read;t_lod	148	36.77000045776367	8.739999771118164	40.25	0	1	0.0	0.065	81,0	58,4	81	62
chr10	53809	snp	mapping_quality;no_reliable_supporting_read;t_lod	156	27.989999771118164	0.0	32.72999954223633	0	1	0.054	0.15	88,5	51,9	93	60
chr10	53810	snp	mapping_quality;no_reliable_supporting_read;t_lod	157	27.989999771118164	0.20999999344348907	31.299999237060547	0	1	0.054	0.153	88,5	50,9	93	59
chr10	56451	snp	mapping_quality	157	29.18000030517578	21.889999389648438	35.58000183105469	0	1	0.048	0.106	80,4	59,7	84	66
chr10	79012	snp	t_lod	134	40.59000015258789	6.980000019073486	36.83000183105469	0	1	0.0	0.063	71,0	59,4	71	63
chr11	124986	snp	mapping_quality;t_lod	50	14.649999618530273	7.760000228881836	-14.90999984741211	0	1	0.143	1.0	12,2	0,3	14	3
chr11	133818	snp	mapping_quality;read_position	61	5.789999961853027	17.719999313354492	78.16999816894531	0	1	0.047	1.0	41,2	0,10	43	10
chr11	148039	snp	mapping_quality	61	3.4600000381469727	20.260000228881836	-4.820000171661377	0	1	0.174	0.8	19,4	3,12	23	15
chr11	162210	snp	mapping_quality;t_lod	138	3.990000009536743	9.479999542236328	35.27000045776367	0	1	0.091	0.483	40,4	15,14	44	29
chr11	164776	indel	mapping_quality;t_lod	99	1.340000033378601	6.360000133514404	5.400000095367432	0	1	0.0	1.0	12,0	0,3	12	3
chr11	168187	snp	t_lod	69	7.159999847412109	4.420000076293945	-2.109999895095825	0	1	0.118	0.455	30,4	6,5	34	11
chr11	169600	snp	mapping_quality	64	4.25	29.1299991607666	93.1500015258789	0	1	0.0	1.0	53,0	0,7	53	7
chr11	172718	snp	mapping_quality	63	2.299999952316284	26.030000686645508	17.760000228881836	0	1	0.159	0.833	37,6	2,10	43	12
chr11	177860	snp	mapping_quality	92	7.769999980926514	24.1200008392334	16.899999618530273	0	1	0.156	0.444	38,7	15,12	45	27
chr11	189510	snp	alt_allele_in_normal;mapping_quality;t_lod	43	12.289999961853027	4.320000171661377	-20.899999618530273	0	1	0.294	0.909	12,5	1,10	17	11
chr12	40939	snp	mapping_quality;no_reliable_supporting_read;t_lod	278	15.079999923706055	7.170000076293945	32.65999984741211	0	1	0.075	0.114	111,9	117,15	120	132
chr12	44957	snp	base_quality;t_lod	304	42.15999984741211	5.170000076293945	45.599998474121094	0	1	0.015	0.048	128,2	160,8	130	168
chr12	66635	snp	base_quality;t_lod	137	29.8799991607666	11.319999694824219	25.25	0	1	0.031	0.147	61,1	58,10	62	68
chr12	67392	snp	base_quality;t_lod	241	20.739999771118164	13.460000038146973	45.0099983215332	0	1	0.008	0.093	118,1	98,10	119	108
chr12	139076	snp	base_quality;t_lod	176	42.90999984741211	5.489999771118164	42.189998626708984	0	1	0.023	0.144	84,2	77,13	86	90
chr12	175320	snp	base_quality;t_lod	189	40.2400016784668	6.130000114440918	45.77000045776367	0	1	0.01	0.12	103,1	73,10	104	83
chr12	188126	snp	base_quality	112	43.18000030517578	17.65999984741211	38.09000015258789	0	1	0.019	0.155	53,1	49,9	54	58
chr12	188534	snp	None	117	38.83000183105469	90.12999725341797	98.25	0	1	0.0	0.367	68,0	31,18	68	49
chr12	188875	snp	base_quality	141	43.470001220703125	25.969999313354492	33.7400016784668	0	1	0.058	0.11	64,3	65,8	67	73
chr12	188887	snp	base_quality	135	42.900001525878906	29.290000915527344	38.040000915527344	0	1	0.06	0.145	63,3	59,10	66	69
chr13	16004409	snp	t_lod	87	16.360000610351562	3.890000104904175	28.18000030517578	0	1	0.048	0.114	20,1	39,5	21	44
chr13	16005908	snp	mapping_quality;t_lod	79	25.579999923706055	9.510000228881836	17.219999313354492	0	1	0.062	0.238	30,2	32,10	32	42
chr13	16011031	snp	no_reliable_supporting_read	250	24.510000228881836	29.479999542236328	43.09000015258789	0	1	0.0	0.071	107,0	105,8	107	113
chr13	16011139	snp	no_reliable_supporting_read	229	21.639999389648438	23.729999542236328	36.02000045776367	0	1	0.013	0.078	76,1	95,8	77	103
chr13	16016344	snp	mapping_quality;t_lod	18	13.670000076293945	3.569999933242798	-21.6299991607666	0	1	0.0	0.889	3,0	1,8	3	9
chr13	16016519	snp	t_lod	277	23.75	6.610000133514404	14.380000114440918	0	1	0.037	0.093	103,4	136,14	107	150
chr13	16020452	snp	t_lod	33	22.149999618530273	7.840000152587891	8.350000381469727	0	1	0.0	0.286	16,0	10,4	16	14
chr13	16021031	snp	mapping_quality;t_lod	513	31.959999084472656	9.4399995803833	21.670000076293945	0	1	0.02	0.043	197,4	265,12	201	277
chr13	16038876	snp	mapping_quality;no_reliable_supporting_read	214	11.5	17.84000015258789	30.84000015258789	0	1	0.095	0.214	38,4	55,15	42	70
chr13	16039196	snp	mapping_quality;t_lod	89	13.350000381469727	4.0	-16.729999542236328	0	1	0.0	0.6	8,0	6,9	8	15
chr14	16035716	snp	mapping_quality;no_reliable_supporting_read;t_lod	221	12.819999694824219	4.019999980926514	19.59000015258789	0	1	0.04	0.112	72,3	87,11	75	98
chr14	16047048	snp	mapping_quality	75	12.229999542236328	57.06999969482422	31.90999984741211	0	1	0.0	1.0	9,0	0,29	9	29
chr14	16053123	snp	None	163	20.219999313354492	180.58999633789062	974.77001953125	0	1	0.0	1.0	50,0	0,88	50	88
chr14	16077601	snp	t_lod	99	17.579999923706055	7.210000038146973	-10.430000305175781	0	1	0.111	0.158	8,1	16,3	9	19
chr14	16091743	snp	base_quality;mapping_quality;t_lod	153	45.970001220703125	3.640000104904175	29.15999984741211	0	1	0.0	0.045	43,0	64,3	43	67
chr14	16096813	indel	t_lod	291	46.88999938964844	5.0	21.850000381469727	0	1	0.035	0.1	55,2	81,9	57	90
chr14	16123128	snp	base_quality;t_lod	313	45.93000030517578	15.779999732971191	23.549999237060547	0	1	0.04	0.071	120,5	169,13	125	182
chr14	16124488	snp	None	290	44.83000183105469	201.25999450683594	974.77001953125	0	1	0.008	0.416	121,0	94,67	121	161
chr14	16125286	snp	None	298	45.97999954223633	114.7300033569336	107.93000030517578	0	1	0.0	0.229	123,0	135,40	123	175
chr14	16126704	snp	base_quality;t_lod	404	42.880001068115234	4.400000095367432	53.7599983215332	0	1	0.006	0.026	156,1	221,6	157	227
chr15	17001244	snp	base_quality	460	23.760000228881836	36.720001220703125	44.540000915527344	0	1	0.021	0.1	232,5	180,20	237	200
chr15	17010694	snp	None	158	40.63999938964844	236.1199951171875	974.77001953125	0	1	0.0	0.708	78,0	21,51	78	72
chr15	17022110	snp	t_lod	169	38.88999938964844	4.599999904632568	14.569999694824219	0	1	0.011	0.071	94,1	65,5	95	70
chr15	17024583	snp	mapping_quality;t_lod	201	39.29999923706055	12.800000190734863	40.959999084472656	0	1	0.011	0.087	92,1	94,9	93	103
chr15	17024690	snp	t_lod	178	39.43000030517578	16.610000610351562	24.3799991607666	0	1	0.049	0.19	77,3	64,15	80	79
chr15	17025129	snp	t_lod	224	40.95000076293945	0.9399999976158142	12.720000267028809	0	1	0.01	0.062	101,1	90,6	102	96
chr15	17025136	snp	t_lod	201	40.0099983215332	0.11999999731779099	11.890000343322754	0	1	0.01	0.062	94,1	76,5	95	81
chr15	17032516	snp	None	298	38.7400016784668	35.52000045776367	46.7400016784668	0	1	0.0	0.061	124,0	108,7	124	115
chr15	17043671	snp	mapping_quality;t_lod	211	38.15999984741211	12.380000114440918	45.18000030517578	0	1	0.0	0.052	113,0	92,5	113	97
chr15	17043682	snp	mapping_quality;t_lod	211	37.93000030517578	1.659999966621399	46.27000045776367	0	1	0.0	0.052	114,0	91,5	114	96
chr16	19821	snp	alt_allele_in_normal;base_quality;mapping_quality	106	25.25	26.989999771118164	40.65999984741211	0	1	0.217	0.25	33,10	24,8	43	32
chr16	24427	snp	mapping_quality	141	23.100000381469727	18.90999984741211	35.34000015258789	0	1	0.089	0.196	72,7	41,10	79	51
chr16	51792	snp	t_lod;too_few_supporting_reads	163	43.20000076293945	6.679999828338623	36.779998779296875	0	1	0.0	0.0	77,0	84,0	77	84
chr16	51802	indel	t_lod;too_few_supporting_reads	160	43.09000015258789	14.739999771118164	36.650001525878906	0	1	0.0	0.0	77,0	81,0	77	81
chr16	52425	snp	base_quality;t_lod	123	44.279998779296875	11.420000076293945	19.190000534057617	0	1	0.018	0.152	53,1	56,10	54	66
chr16	53800	snp	base_quality	191	43.41999816894531	21.1299991607666	36.13999938964844	0	1	0.022	0.062	89,0	90,6	89	96
chr16	61776	snp	base_quality;t_lod	198	42.209999084472656	11.800000190734863	43.040000915527344	0	1	0.0	0.092	99,0	89,9	99	98
chr16	75158	snp	base_quality;t_lod	206	40.099998474121094	11.539999961853027	47.72999954223633	0	1	0.0	0.12	114,0	81,11	114	92
chr16	77842	snp	base_quality	180	42.43000030517578	39.310001373291016	48.38999938964844	0	1	0.011	0.144	89,1	77,13	90	90
chr16	78363	snp	base_quality;t_lod	157	43.36000061035156	5.570000171661377	16.899999618530273	0	1	0.027	0.148	73,2	69,12	75	81
chr17	118224	snp	mapping_quality;t_lod	33	2.7799999713897705	9.229999542236328	14.4399995803833	0	1	0.091	1.0	20,1	0,4	21	4
chr17	118225	snp	mapping_quality;t_lod	33	2.7799999713897705	9.140000343322754	14.4399995803833	0	1	0.091	1.0	20,1	0,4	21	4
chr17	134061	snp	base_quality;mapping_quality;no_reliable_supporting_read;t_lod	60	13.489999771118164	4.039999961853027	32.90999984741211	0	1	0.0	0.273	25,0	16,6	25	22
chr17	166699	snp	t_lod	161	33.5099983215332	5.800000190734863	18.15999984741211	0	1	0.027	0.053	72,2	71,4	74	75
chr17	166707	snp	mapping_quality;t_lod	155	32.63999938964844	10.199999809265137	21.81999969482422	0	1	0.101	0.068	62,7	69,5	69	74
chr17	172391	snp	base_quality;t_lod	203	40.83000183105469	4.159999847412109	44.43000030517578	0	1	0.009	0.075	108,1	86,7	109	93
chr17	180949	snp	base_quality	147	39.900001525878906	21.399999618530273	48.689998626708984	0	1	0.012	0.141	80,1	55,9	81	64
chr17	181008	snp	base_quality;t_lod	137	39.369998931884766	3.25	55.209999084472656	0	1	0.0	0.22	78,0	46,13	78	59
chr17	191553	snp	None	88	47.310001373291016	18.030000686645508	27.479999542236328	0	1	0.0	0.077	27,0	48,4	27	52
chr17	208429	snp	base_quality;t_lod	178	41.95000076293945	11.550000190734863	38.599998474121094	0	1	0.022	0.069	89,2	81,6	91	87
chr18	12183	snp	alt_allele_in_normal;mapping_quality;t_lod	166	8.75	7.309999942779541	-17.84000015258789	0	1	0.25	0.632	66,22	21,36	88	57
chr18	14817	snp	mapping_quality;t_lod	80	9.329999923706055	4.71999979019165	-20.18000030517578	0	1	0.2	0.6	20,5	8,12	25	20
chr18	15419	snp	mapping_quality;t_lod	105	8.890000343322754	17.079999923706055	-4.730000019073486	0	1	0.167	0.56	30,6	11,14	36	25
chr18	39233	snp	mapping_quality	76	8.720000267028809	39.869998931884766	17.229999542236328	0	1	0.1	0.737	27,3	5,14	30	19
chr18	71568	indel	alt_allele_in_normal;filtered_reads	1419	39.95000076293945	18.489999771118164	-6.650000095367432	0	1	0.397	0.929	22,29	3,39	51	42
chr18	103997	indel	alt_allele_in_normal;artifact_in_normal;t_lod	97	42.369998931884766	9.65999984741211	-15.529999732971191	0	1	0.302	0.771	6,16	8,27	22	35
chr18	105967	snp	None	127	31.34000015258789	248.5	974.77001953125	0	1	0.0	0.941	73,0	3,48	73	51
chr18	150854	indel	alt_allele_in_normal;artifact_in_normal	129	40.040000915527344	54.779998779296875	29.59000015258789	0	1	0.259	0.98	25,27	1,49	52	50
chr18	153015	snp	base_quality;t_lod;too_few_supporting_reads	112	34.02000045776367	3.8499999046325684	42.220001220703125	0	1	0.0	0.028	74,0	35,1	74	36
chr18	169360	indel	alt_allele_in_normal;artifact_in_normal;t_lod	111	38.630001068115234	6.699999809265137	-18.440000534057617	0	1	0.224	0.833	25,28	6,30	53	36
chr19	245929	snp	base_quality	79	32.630001068115234	26.040000915527344	38.459999084472656	0	1	0.059	0.286	46,3	15,6	49	21
chr19	246033	snp	mapping_quality;t_lod	148	40.220001220703125	14.239999771118164	27.06999969482422	0	1	0.041	0.132	70,3	59,9	73	68
chr19	247067	snp	base_quality;t_lod	186	42.709999084472656	5.619999885559082	34.27000045776367	0	1	0.061	0.139	77,5	87,14	82	101
chr19	271079	snp	base_quality;t_lod	152	38.970001220703125	12.569999694824219	20.399999618530273	0	1	0.014	0.093	69,1	68,7	70	75
chr19	275090	snp	base_quality;t_lod	144	43.59000015258789	5.739999771118164	36.9900016784668	0	1	0.0	0.079	68,0	70,6	68	76
chr19	290715	snp	base_quality;t_lod	160	39.400001525878906	12.699999809265137	36.47999954223633	0	1	0.044	0.116	87,4	61,8	91	69
chr19	291402	snp	None	85	39.81999969482422	28.579999923706055	36.369998931884766	0	1	0.043	0.135	45,2	32,5	47	37
chr19	291405	snp	base_quality;t_lod	85	39.81999969482422	4.389999866485596	38.810001373291016	0	1	0.085	0.25	43,4	27,9	47	36
chr19	292762	snp	base_quality	175	41.31999969482422	26.549999237060547	43.40999984741211	0	1	0.011	0.133	91,1	72,11	92	83
chr19	306111	snp	base_quality	186	39.84000015258789	17.600000381469727	42.709999084472656	0	1	0.025	0.16	96,4	68,13	100	81
chr20	60504	snp	None	318	44.43000030517578	116.1500015258789	93.83000183105469	0	1	0.0	0.576	45,0	25,34	45	59
chr20	95111	snp	None	166	43.689998626708984	154.89999389648438	974.77001953125	0	1	0.0	0.477	77,0	46,42	77	88
chr20	115573	snp	None	257	48.5099983215332	195.74000549316406	974.77001953125	0	1	0.0	0.47	89,0	89,79	89	168
chr20	124247	snp	None	197	43.380001068115234	213.69000244140625	974.77001953125	0	1	0.0	0.544	93,0	47,56	93	103
chr20	136926	snp	None	155	44.16999816894531	135.60000610351562	974.77001953125	0	1	0.0	0.452	70,0	46,38	70	84
chr20	169678	snp	None	211	48.349998474121094	168.8699951171875	974.77001953125	0	1	0.0	0.482	74,0	71,66	74	137
chr20	171749	snp	base_quality;t_lod	203	46.5099983215332	3.7899999618530273	36.63999938964844	0	1	0.025	0.09	79,2	111,11	81	122
chr20	171752	snp	base_quality;t_lod	202	46.439998626708984	4.210000038146973	39.779998779296875	0	1	0.0	0.091	81,0	110,11	81	121
chr20	290423	snp	base_quality;t_lod	196	44.540000915527344	6.369999885559082	41.93000030517578	0	1	0.0	0.074	88,0	100,8	88	108
chr20	297535	snp	base_quality	244	44.380001068115234	21.1200008392334	32.25	0	1	0.037	0.095	103,3	114,12	106	126
chr21	5128565	snp	mapping_quality	143	15.770000457763672	165.88999938964844	974.77001953125	0	1	0.0	0.673	68,0	18,37	68	55
chr21	5217621	snp	None	923	38.599998474121094	109.41999816894531	974.77001953125	0	1	0.0	0.072	439,0	437,34	439	471
chr21	5225897	snp	mapping_quality	888	28.84000015258789	97.76000213623047	974.77001953125	0	1	0.0	0.077	398,0	422,35	398	457
chr21	5234010	snp	None	961	34.779998779296875	107.08999633789062	98.1500015258789	0	1	0.0	0.035	438,0	470,17	438	487
chr21	5248637	snp	None	336	40.75	128.88999938964844	974.77001953125	0	1	0.0	0.213	166,0	129,35	166	164
chr21	5249859	indel	mapping_quality;t_lod	420	39.54999923706055	9.100000381469727	56.130001068115234	0	1	0.0	0.038	164,0	201,8	164	209
chr21	5290873	snp	base_quality;no_reliable_supporting_read;t_lod	212	20.09000015258789	7.960000038146973	35.869998931884766	0	1	0.0	0.067	72,0	98,7	72	105
chr21	5291590	snp	mapping_quality	79	14.539999961853027	25.389999389648438	7.789999961853027	0	1	0.103	0.423	26,3	15,11	29	26
chr21	5297780	snp	mapping_quality	157	35.65999984741211	27.329999923706055	37.540000915527344	0	1	0.016	0.095	63,1	67,7	64	74
chr21	5298265	snp	fragment_length;mapping_quality;no_reliable_supporting_read;t_lod	161	32.91999816894531	5.760000228881836	23.06999969482422	0	1	0.052	0.058	73,2	65,4	75	69
chr22	10526882	snp	t_lod	110	29.360000610351562	9.170000076293945	-15.220000267028809	0	1	0.0	0.5	8,0	4,4	8	8
chr22	10586481	indel	mapping_quality;no_reliable_supporting_read;t_lod;too_few_supporting_reads	63	11.130000114440918	12.479999542236328	15.84000015258789	0	1	0.0	0.1	11,0	18,2	11	20
chr22	10587478	indel	mapping_quality;no_reliable_supporting_read;t_lod;too_few_supporting_reads	66	16.469999313354492	5.78000020980835	19.190000534057617	0	1	0.0	0.095	11,0	19,2	11	21
chr22	10658140	snp	None	100	22.25	109.26000213623047	84.04000091552734	0	1	0.0	0.873	26,0	8,55	26	63
chr22	10668867	indel	None	44	29.670000076293945	19.56999969482422	11.729999542236328	0	1	0.52	0.818	6,11	2,9	17	11
chr22	10688879	snp	mapping_quality;no_reliable_supporting_read	280	22.979999542236328	35.790000915527344	47.650001525878906	0	1	0.019	0.123	105,2	136,19	107	155
chr22	10688898	snp	mapping_quality;no_reliable_supporting_read	293	23.530000686645508	20.829999923706055	32.7599983215332	0	1	0.027	0.105	107,3	153,18	110	171
chr22	10688903	snp	mapping_quality;no_reliable_supporting_read	303	23.280000686645508	24.709999084472656	36.630001068115234	0	1	0.026	0.121	113,3	153,21	116	174
chr22	10688911	snp	mapping_quality;no_reliable_supporting_read;t_lod	313	22.899999618530273	0.7400000095367432	15.920000076293945	0	1	0.04	0.123	120,5	157,22	125	179
chr22	10699832	indel	read_position	80	37.91999816894531	23.989999771118164	33.18000030517578	0	1	0.0	0.125	31,0	35,5	31	40
chrX	26543	snp	None	120	27.239999771118164	26.31999969482422	41.560001373291016	0	1	0.066	0.219	57,4	25,7	61	32
chrX	26601	snp	base_quality	93	24.93000030517578	21.850000381469727	27.719999313354492	0	1	0.143	0.37	42,7	17,10	49	27
chrX	28654	snp	t_lod	88	26.420000076293945	4.190000057220459	-9.930000305175781	0	1	0.083	0.391	22,2	14,9	24	23
chrX	41804	snp	t_lod	65	12.350000381469727	3.9000000953674316	-13.84000015258789	0	1	0.143	0.25	24,3	9,3	27	12
chrX	96992	snp	base_quality;t_lod	118	21.799999237060547	8.229999542236328	16.510000228881836	0	1	0.116	0.17	61,8	39,8	69	47
chrX	98040	snp	base_quality;t_lod	203	28.8700008392334	6.159999847412109	17.969999313354492	0	1	0.089	0.149	111,10	63,11	121	74
chrX	244018	snp	no_reliable_supporting_read;t_lod;too_few_supporting_reads	34	16.639999389648438	16.559999465942383	1.059999942779541	0	1	0.0	0.143	14,0	6,1	14	7
chrX	254559	snp	t_lod	124	37.06999969482422	4.929999828338623	12.699999809265137	0	1	0.082	0.224	67,6	38,11	73	49
chrX	258330	snp	base_quality;t_lod	166	33.58000183105469	13.15999984741211	45.79999923706055	0	1	0.026	0.135	111,3	45,7	114	52
chrX	277126	snp	base_quality;t_lod	185	37.95000076293945	12.920000076293945	44.540000915527344	0	1	0.009	0.082	109,1	67,6	110	73
chrY	3072438	snp	mapping_quality	64	6.489999771118164	19.34000015258789	68.2699966430664	0	1	0.054	1.0	53,3	0,4	56	4
chrY	3075729	snp	mapping_quality	56	5.840000152587891	22.6200008392334	80.51000213623047	0	1	0.079	1.0	35,3	0,8	38	8
chrY	3077185	snp	mapping_quality	43	6.090000152587891	35.70000076293945	79.62999725341797	0	1	0.0	1.0	39,0	0,4	39	4
chrY	3077266	snp	mapping_quality;t_lod	38	5.25	9.039999961853027	64.94000244140625	0	1	0.03	1.0	32,1	0,4	33	4
chrY	3077818	snp	mapping_quality;t_lod	38	4.690000057220459	6.239999771118164	62.810001373291016	0	1	0.059	1.0	32,2	0,4	34	4
chrY	3097230	snp	None	79	11.149999618530273	71.81999969482422	973.010009765625	0	1	0.043	1.0	45,2	0,12	47	12
chrY	3103462	snp	mapping_quality;t_lod	41	6.260000228881836	13.539999961853027	71.88999938964844	0	1	0.071	1.0	26,2	0,7	28	7
chrY	3119824	snp	mapping_quality	60	11.199999809265137	46.84000015258789	58.4900016784668	0	1	0.189	1.0	30,7	0,13	37	13
chrY	3204537	snp	mapping_quality	58	5.440000057220459	19.709999084472656	55.689998626708984	0	1	0.04	1.0	48,2	0,5	50	5
chrY	3222176	snp	mapping_quality;t_lod	46	5.230000019073486	6.070000171661377	77.38999938964844	0	1	0.0	1.0	37,0	0,6	37	6
chrM	12417	indel	None	2495	41.029998779296875	949.8099975585938	974.77001953125	0	1	0.004	0.28	1130,4	677,263	1134	940
chr1_KI270706v1_random	41369	snp	mapping_quality;t_lod	208	32.18000030517578	6.230000019073486	15.59000015258789	0	1	0.06	0.073	78,5	102,8	83	110
chr2_KI270715v1_random	7713	snp	base_quality;t_lod	219	37.97999954223633	7.260000228881836	29.950000762939453	0	1	0.059	0.107	95,6	75,9	101	84
chr3_GL000221v1_random	4747	snp	mapping_quality;no_reliable_supporting_read	201	12.84000015258789	25.1299991607666	33.349998474121094	0	1	0.068	0.156	55,4	65,12	59	77
chr4_GL000008v2_random	140	snp	base_quality	1225	40.119998931884766	47.0	54.77000045776367	0	1	0.024	0.058	572,14	483,30	586	513
chr5_GL000208v1_random	31	snp	mapping_quality;no_reliable_supporting_read;t_lod;too_few_supporting_reads	40	26.59000015258789	3.450000047683716	31.110000610351562	0	1	0.0	0.111	22,0	16,2	22	18
chr9_KI270717v1_random	20730	indel	base_quality;mapping_quality;multiallelic;no_reliable_supporting_read;t_lod	80	8.789999961853027	11.380000114440918	23.440000534057617	0	1	0.0	0.143	21,0	15,3	21	21
chr11_KI270721v1_random	6538	snp	mapping_quality	79	6.389999866485596	41.380001068115234	42.459999084472656	0	1	0.105	1.0	34,4	0,10	38	10
chr14_GL000009v2_random	3675	snp	mapping_quality	246	12.010000228881836	121.54000091552734	101.58999633789062	0	1	0.0	0.394	109,0	57,37	109	94
chr14_GL000225v1_random	2159	snp	base_quality;t_lod	64	37.34000015258789	3.940000057220459	34.63999938964844	0	1	0.0	0.179	25,0	23,5	25	28
chr16_KI270728v1_random	183506	snp	mapping_quality	76	15.989999771118164	45.880001068115234	20.790000915527344	0	1	0.0	0.944	10,0	1,17	10	18
chr17_GL000205v2_random	777	snp	base_quality;t_lod	839	47.209999084472656	8.199999809265137	15.970000267028809	0	1	0.013	0.054	308,4	491,28	312	519
chr22_KI270731v1_random	67461	indel	mapping_quality;no_reliable_supporting_read;t_lod	76	12.899999618530273	3.450000047683716	15.770000457763672	0	1	0.0	0.12	10,0	22,3	10	25
chrUn_KI270302v1	121	indel	mapping_quality;no_reliable_supporting_read;t_lod	155	12.829999923706055	16.270000457763672	36.18000030517578	0	1	0.0	0.088	58,0	52,5	58	57
chrUn_GL000195v1	20674	indel	None	335	38.790000915527344	23.489999771118164	32.5099983215332	0	1	0.029	0.217	90,6	90,25	96	115
chrUn_KI270741v1	77426	snp	mapping_quality;t_lod	168	11.270000457763672	12.5600004196167	-8.460000038146973	0	1	0.154	0.581	22,4	13,18	26	31
chrUn_GL000226v1	462	snp	mapping_quality	251	26.81999969482422	112.4800033569336	974.77001953125	0	1	0.0	0.395	70,0	78,51	70	129
chr1_KI270762v1_alt	207154	snp	mapping_quality	190	10.819999694824219	37.58000183105469	45.36000061035156	0	1	0.082	0.16	90,8	42,8	98	50
chr2_KI270770v1_alt	12457	snp	mapping_quality;no_reliable_supporting_read;t_lod	109	17.950000762939453	4.78000020980835	12.529999732971191	0	1	0.184	0.2	31,7	24,6	38	30
chr3_KI270783v1_alt	28626	snp	t_lod;too_few_supporting_reads	6	34.63999938964844	4.820000171661377	-20.350000381469727	0	1	0.0	1.0	4,0	0,2	4	2
chr4_KI270789v1_alt	164206	snp	base_quality	80	41.11000061035156	19.110000610351562	37.630001068115234	0	1	0.0	0.154	41,0	33,6	41	39
chr5_KI270791v1_alt	96365	snp	base_quality;t_lod	48	46.43000030517578	15.670000076293945	0.5199999809265137	0	1	0.0	0.333	13,0	16,8	13	24
chr7_KI270803v1_alt	517996	snp	None	245	49.2400016784668	275.04998779296875	974.77001953125	0	1	0.0	0.709	80,0	48,117	80	165
chr8_KI270819v1_alt	82112	snp	base_quality;t_lod	74	40.66999816894531	10.550000190734863	18.219999313354492	0	1	0.077	0.294	36,3	24,10	39	34
chr9_GL383542v1_alt	21357	snp	base_quality;t_lod	154	44.97999954223633	3.069999933242798	35.84000015258789	0	1	0.015	0.047	66,1	82,4	67	86
chr10_GL383545v1_alt	44700	snp	t_lod	169	40.40999984741211	5.0	12.9399995803833	0	1	0.011	0.039	89,1	74,3	90	77
chr11_KI270832v1_alt	172632	indel	None	50	40.81999969482422	22.979999542236328	-1.4199999570846558	0	1	0.0	0.444	14,0	10,8	14	18
chr12_GL877875v1_alt	49424	snp	base_quality;t_lod	125	46.65999984741211	5.860000133514404	13.630000114440918	0	1	0.082	0.173	45,4	62,13	49	75
chr14_KI270847v1_alt	1417046	indel	t_lod	8	45.459999084472656	3.7799999713897705	-21.389999389648438	0	1	0.0	1.0	2,0	0,4	2	4
chr15_KI270848v1_alt	166147	indel	t_lod;too_few_supporting_reads	9	44.720001220703125	3.1500000953674316	-21.989999771118164	0	1	0.0	0.667	4,0	1,2	4	3
chr16_KI270856v1_alt	2060	snp	base_quality;t_lod	74	55.79999923706055	5.539999961853027	20.479999542236328	0	1	0.0	0.125	10,0	56,8	10	64
chr17_GL383563v3_alt	167210	snp	None	21	37.029998779296875	22.5	0.9700000286102295	0	1	0.0	0.375	13,0	5,3	13	8
chr18_GL383571v1_alt	95714	snp	None	139	43.779998779296875	67.4800033569336	75.25	0	1	0.0	0.243	64,0	56,18	64	74
chr19_GL383575v2_alt	16084	indel	mapping_quality;no_reliable_supporting_read;t_lod	20	9.520000457763672	3.9000000953674316	-20.829999923706055	0	1	0.0	0.231	3,0	10,3	3	13
chr20_KI270871v1_alt	36505	snp	base_quality;t_lod	29	43.91999816894531	4.269999980926514	-20.670000076293945	0	1	0.154	0.467	11,2	8,7	13	15
chr21_GL383578v2_alt	20839	snp	None	199	44.20000076293945	274.7099914550781	974.77001953125	0	1	0.0	0.664	91,0	36,71	91	107
chr22_KI270878v1_alt	163698	snp	base_quality;t_lod	137	42.88999938964844	5.909999847412109	37.70000076293945	0	1	0.009	0.119	56,1	59,8	57	67
